,Website
0,www.basichomecare.com.au
1,www.dayhospitalsaustralia.net.au
2,www.nursesgrowhealth.com
3,www.tdix.com.au
4,www.leboncare.com.au
5,www.alignedassist.com.au
6,www.agedcareadvisoryservice.com.au
7,www.familyshare.com.au
8,www.clevercarenow.org.au
9,www.erigo.com.au
10,www.wcjconsulting.com.au
11,www.hellocaptaink.com.au
12,www.eligogroup.com.au
13,www.zoealliedhealth.com.au
14,www.australianpathology.com
15,www.willoughbyvillage.com.au
16,www.momentumot.com.au
17,www.mhfamiliesfriendstas.org.au
18,www.defibsplus.com.au
19,www.inable.io
20,www.carehubsa.com.au
21,www.shinehealthservices.com.au
22,www.presagen.com
23,www.dosel.com.au
24,www.energonaustralia.com.au
25,www.coralhealthcare.com.au
26,www.balancehealthdiabetes.com
27,www.radmedicgroup.com
28,www.kindandcaresupports.com.au
29,www.rhinosurgical.com.au
30,www.drcaresolutions.com
31,www.healsoul.com.au
32,www.globalmedics.ai
33,www.pesau.net.au
34,www.safewaterscc.org
35,www.envido.com.au
36,www.lungscreen.com
37,www.kokuabehavioralhealth.org
38,www.praxhub.com
39,www.themaxfacclinic.com
40,www.supportembraceconnect.com.au
41,www.marrinweejali.org.au
42,www.siarahealth.com
43,www.dailycare.com.au
44,www.restocq.com
45,www.bridgesalliance.com.au
46,www.soupedup.com
47,www.amrric.org
48,www.santabarbaracarecenter.com
49,www.swisstecanalytics.com
50,www.healthissuescentre.org.au
51,www.homeguardian.ai
52,www.provectuscare.com.au
53,www.nhcare.com.au
54,www.vanacare.com.au
55,www.everyoungai.com
56,www.goldenglownursing.com.au
57,www.echucaca.com.au
58,www.hakeagrove.com
59,www.healthtrack.com.au
60,www.goldenglownursing.com.au
61,www.chatterboxats.com
62,www.apha.org.au
63,www.macquarieheart.com.au
64,www.clmsleep.com
65,www.generalhomecare.com.au
66,www.hopesway.com.au
67,www.wlph.com.au
68,www.connect2mydoctor.com
69,www.roserx.health
70,www.desertblueconnect.org.au
71,www.protonintelligence.com
72,www.bendhanaraj.com
73,www.urbansmile.com.au
74,www.med.app
75,www.consultmed.co
76,www.holistichomecare.com.au
77,www.mildurahealthfund.com.au
78,www.bhi.nsw.gov.au
79,www.jdhealthcare.com.au
80,www.specialistservices.com.au
81,www.amansw.com.au
82,www.infomedix.com.au
83,www.amavic.com.au
84,www.centreagainstviolence.org.au
85,www.patches.com.au
86,www.launcestonmc.com.au
87,www.interplast.org.au
88,www.centreagainstviolence.org.au
89,www.ovahs.org.au
90,www.agedcaregp.com
91,www.careabout.com.au
92,www.powhf.org.au
93,www.cfwa.org.au
94,www.cancertrialsaustralia.com
95,www.bluewaveliving.org.au
96,www.hlshealthcare.com.au
97,www.barungavillage.com.au
98,www.haemokinesis.com
99,www.midnight.health
100,www.chnact.org.au
101,www.mobility.com.au
102,www.auntygrace.com.au
103,www.osarahealth.com
104,www.instantscripts.com.au
105,www.lifestylemedicine.org.au
106,www.superiorcare.com.au
107,www.rchfoundation.org.au
108,www.spot4you.com.au
109,www.carelivesmile.com.au
110,www.tlcforkids.org.au
111,www.thehealthybodycompany.com.au
112,www.mlea.com.au
113,www.accesstelehealth.com.au
114,www.cyrenianhouse.com
115,www.curagroup.com.au
116,www.synapsemedical.com.au
117,www.anmfsa.org.au
118,www.biosymm.com
119,www.bartonprivate.com.au
120,www.communitytransitions.com.au
121,www.grouphomes.com.au
122,www.skincancercentres.com.au
123,www.diabeteswa.com.au
124,www.curagroup.com.au
125,www.pearlhomecare.com.au
126,www.cvs.net.au
127,www.honeysucklehealth.com.au
128,www.tresillian.org.au
129,www.roshana.com.au
130,www.autumnagedcare.com.au
131,www.tadwa.org.au
132,www.grouphomes.com.au
133,www.coasit.asn.au
134,www.datago.co
135,www.payngo.com.au
136,www.serenus.asia
137,www.topmeapp.com
138,www.vectordigital.ru
139,www.stentofon.com.au
140,www.encoretechnologysolutions.com.au
141,www.benchon.com
142,www.evideo.com.au
143,www.centralconnect.com.au
144,www.autelecom.net
145,www.x4000.com
146,www.boldtcrc.com.au
147,www.anrservices.com.au
148,www.toyotamaterialhandling.com.au
